Ref,Val,Package,PosX,PosY,Rot,Side
"C1","10uF","C_0805_2012Metric",120.200000,-110.510000,-90.000000,top
"C2","10uF","C_0805_2012Metric",124.560000,-109.250000,180.000000,top
"C3","22uF","C_0805_2012Metric",125.862000,-102.880000,0.000000,top
"C4","22uF","C_0805_2012Metric",129.863000,-102.130000,0.000000,top
"C5","100nF","C_0603_1608Metric",133.720000,-102.550000,0.000000,top
"C6","1uF","C_0603_1608Metric",132.130000,-114.638000,180.000000,top
"C7","1uF","C_0603_1608Metric",132.130000,-112.362000,180.000000,top
"C8","100nF","C_0603_1608Metric",111.950000,-128.400000,180.000000,top
"C9","100nF","C_0603_1608Metric",111.950000,-132.000000,180.000000,top
"C10","100nF","C_0603_1608Metric",117.100000,-136.300000,180.000000,top
"C11","100nF","C_0603_1608Metric",124.050000,-132.000000,0.000000,top
"C12","100nF","C_0603_1608Metric",124.050000,-128.400000,0.000000,top
"C13","100nF","C_0603_1608Metric",120.600000,-124.950000,90.000000,top
"C14","100nF","C_0603_1608Metric",118.450000,-124.950000,90.000000,top
"C15","100nF","C_0603_1608Metric",116.350000,-124.950000,90.000000,top
"C16","1uF","C_0603_1608Metric",118.200000,-121.450000,90.000000,top
"C17","1uF","C_0603_1608Metric",117.850000,-139.050000,-90.000000,top
"C18","100nF","C_0603_1608Metric",115.850000,-139.050000,-90.000000,top
"C19","100nF","C_0603_1608Metric",121.850000,-137.050000,-90.000000,top
"C20","15pF","C_0603_1608Metric",113.900000,-137.050000,-90.000000,top
"C21","15pF","C_0603_1608Metric",113.800000,-143.950000,-90.000000,top
"C22","100nF","C_0603_1608Metric",104.430000,-117.912000,180.000000,top
"C23","4.7uF","C_0805_2012Metric",140.000000,-114.500000,90.000000,top
"C24","100nF","C_0603_1608Metric",144.450000,-125.200000,90.000000,top
"C25","100nF","C_0603_1608Metric",155.550000,-125.200000,90.000000,top
"C26","4.7uF","C_0805_2012Metric",160.500000,-139.000000,0.000000,top
"C27","100nF","C_0603_1608Metric",156.050000,-130.750000,0.000000,top
"C28","100nF","C_0603_1608Metric",144.450000,-134.800000,90.000000,top
"C29","100nF","C_0603_1608Metric",143.950000,-128.000000,180.000000,top
"C30","100nF","C_0603_1608Metric",155.550000,-134.800000,90.000000,top
"C31","100nF","C_0603_1608Metric",151.750000,-136.050000,-90.000000,top
"C32","4.7uF","C_0805_2012Metric",136.500000,-105.500000,0.000000,top
"C33","4.7uF","C_0805_2012Metric",136.500000,-108.500000,0.000000,top
"C34","100nF","C_0603_1608Metric",138.088000,-134.930000,90.000000,top
"C35","100nF","C_0603_1608Metric",136.975000,-118.880000,90.000000,top
"D1","RGB","LED_Avago_PLCC4_3.2x2.8mm_CW",164.000000,-117.000000,0.000000,top
"D2","Green (PWR)","LED_0603_1608Metric",107.900000,-131.000000,180.000000,top
"D3","Red (ACT)","LED_0603_1608Metric",107.900000,-136.000000,180.000000,top
"D4","Orange (DONE)","LED_0603_1608Metric",107.900000,-141.000000,180.000000,top
"J1","USB-C","USB_C_Receptacle_HRO_TYPE-C-31-M-12",117.000000,-103.100000,180.000000,top
"L1","3.9uH","L_Sunlord_SWPA4030S",131.790000,-106.000000,0.000000,top
"R1","5.1k","R_0402_1005Metric",118.250000,-109.740000,-90.000000,top
"R2","5.1k","R_0402_1005Metric",115.250000,-109.740000,-90.000000,top
"R3","1k","R_0603_1608Metric",113.800000,-140.550000,-90.000000,top
"R4","27","R_0603_1608Metric",122.500000,-124.950000,-90.000000,top
"R5","27","R_0603_1608Metric",120.150000,-121.450000,-90.000000,top
"R6","1k","R_0603_1608Metric",114.400000,-124.950000,90.000000,top
"R7","10k","R_0603_1608Metric",119.800000,-137.050000,90.000000,top
"R8","100","R_0603_1608Metric",157.250000,-138.500000,90.000000,top
"R9","10k","R_0603_1608Metric",126.500000,-135.500000,0.000000,top
"R10","10k","R_0603_1608Metric",126.500000,-137.750000,0.000000,top
"R11","10k","R_0603_1608Metric",130.000000,-145.500000,0.000000,top
"R12","10k","R_0603_1608Metric",133.000000,-145.500000,90.000000,top
"R13","10k","R_0603_1608Metric",127.930000,-140.385000,0.000000,top
"R14","10k","R_0603_1608Metric",141.070000,-139.115000,180.000000,top
"R15","10k","R_0603_1608Metric",132.025000,-118.880000,-90.000000,top
"R16","2.2k","R_0603_1608Metric",104.500000,-131.000000,0.000000,top
"R17","1k","R_0603_1608Metric",104.500000,-136.000000,0.000000,top
"R18","1k","R_0603_1608Metric",104.500000,-141.000000,0.000000,top
"SW1","BOOT","SW_SPST_PTS810",112.000000,-155.000000,0.000000,top
"SW2","RESET","SW_SPST_PTS810",120.000000,-155.000000,0.000000,top
"SW3","USER","SW_SPST_PTS810",130.000000,-155.000000,0.000000,top
"U1","USBLC6-2SC6","SOT-23-6",115.000000,-113.750000,0.000000,top
"U2","AP63203WU","TSOT-23-6",127.000000,-106.000000,0.000000,top
"U3","AP2112K-1.2","SOT-23-5",135.750000,-113.500000,90.000000,top
"U4","RP2040","QFN-56-1EP_7x7mm_P0.4mm_EP3.2x3.2mm",118.000000,-131.000000,0.000000,top
"U5","W25Q32JVSSIQ","SOIC-8_5.3x5.3mm_P1.27mm",109.250000,-121.500000,90.000000,top
"U6","iCE40UP5K-SG48","QFN-48-1EP_7x7mm_P0.5mm_EP5.6x5.6mm",150.000000,-130.000000,0.000000,top
"U7","W25Q32JVSSIQ","SOIC-8_5.3x5.3mm_P1.27mm",134.500000,-139.750000,0.000000,top
"U8","APS6404L-3SQR-SN","SOIC-8_3.9x4.9mm_P1.27mm",134.500000,-123.500000,0.000000,top
"Y1","12MHz","Crystal_SMD_3225-4Pin_3.2x2.5mm",120.900000,-141.170000,-90.000000,top
