"Reference","Value","Footprint","MPN","LCSC","Qty"
"C1,C2,C3,C4,C12,C22","1uF","Capacitor_SMD:C_0603_1608Metric","CL10A105KB8NNNC","C15849","6"
"C5,C7,C10,C13,C15,C16,C34,C35","100nF","Capacitor_SMD:C_0603_1608Metric","CC0603KRX7R9BB104","C14663","8"
"C6,C24,C25,C26,C27,C29,C30,C31,C32","10uF","Capacitor_SMD:C_1206_3216Metric","CL31A106KBHNNNE","C13585","9"
"C8,C9,C11","22uF","Capacitor_SMD:C_0805_2012Metric","CL21A226MAQNNNE","C45783","3"
"C14","4.7uF","Capacitor_SMD:C_0805_2012Metric","CL21A475KAQNNNE","C1779","1"
"C17","33nF","Capacitor_SMD:C_0603_1608Metric","CL10B333KB8NNNC","C21117","1"
"C18,C39,C40,C41","10nF","Capacitor_SMD:C_0603_1608Metric","0603B103K500NT","C57112","4"
"C19,C23","100pF","Capacitor_SMD:C_0603_1608Metric","CL10C101JB8NNNC","C14858","2"
"C20","220pF","Capacitor_SMD:C_0603_1608Metric","CL10B221KB8NNNC","C1603","1"
"C21","47pF","Capacitor_SMD:C_0603_1608Metric","CL10C470JB8NNNC","C1671","1"
"C28,C33","220uF 50V","Capacitor_SMD:CP_Elec_10x10","MA50V220M10x10","C46550473","2"
"C36","4.7uF","Capacitor_SMD:C_1206_3216Metric","1206B475K500NT","C29823","1"
"C37,C38","1uF","Capacitor_SMD:C_0805_2012Metric","CL21B105KBFNNNE","C28323","2"
"D1,D6","SMBJ24A","Diode_SMD:D_SMB","SMBJ24A","C123819","2"
"D2,D3,D5","B5819W","Diode_SMD:D_SOD-123","B5819W SL","C8598","3"
"D4","BZT52C12","Diode_SMD:D_SOD-123","BZT52C12","C173429","1"
"D7","Green (PWR)","LED_SMD:LED_0603_1608Metric","KT-0603G","C12624","1"
"D8","Green (PD)","LED_SMD:LED_0603_1608Metric","KT-0603G","C12624","1"
"D9","Red (OUT)","LED_SMD:LED_0603_1608Metric","KT-0603R","C2286","1"
"J1","USB-C PD","Connector_USB:USB_C_Receptacle_HRO_TYPE-C-31-M-12","TYPE-C-31-M-12","C165948","1"
"J2","OUT","TerminalBlock_Phoenix:TerminalBlock_Phoenix_MKDS-1,5-2-5.08_1x02_P5.08mm_Horizontal","MKDS 1,5/ 2-5,08","C5183929","1"
"J3","OLED","Connector_PinHeader_2.54mm:PinHeader_1x04_P2.54mm_Vertical","PZ254V-11-04P","C2691448","1"
"L1","4.7uH","Inductor_SMD:L_Sunlord_SWPA4030S","SWPA4030S4R7MT","C57269","1"
"L2","4.7uH","Inductor_SMD:L_Coilcraft_XAL7070-XXX","XAL7070-472MEC","C3911513","1"
"L3","22uH","Inductor_SMD:L_Changjiang_FNR4030S","FNR4030S220MT","C167883","1"
"Q1","AOD4185","Package_TO_SOT_SMD:TO-252-2","AOD4185","C400894","1"
"Q2,Q3,Q4,Q5,Q6","CSD18563Q5A","Package_TO_SOT_SMD:TDSON-8-1","CSD18563Q5A","C77239","5"
"Q7","2N7002","Package_TO_SOT_SMD:SOT-23","2N7002","C8545","1"
"R1,R41,R42","1k","Resistor_SMD:R_0603_1608Metric","0603WAF1001T5E","C21190","3"
"R2","1k","Resistor_SMD:R_1206_3216Metric","1206W4F1001T5E","C4410","1"
"R3,R6,R17,R19","100k","Resistor_SMD:R_0603_1608Metric","0603WAF1003T5E","C25803","4"
"R4,R31","22k","Resistor_SMD:R_0603_1608Metric","0603WAF2202T5E","C31850","2"
"R5,R20,R21,R22,R23","100","Resistor_SMD:R_0603_1608Metric","0603WAF1000T5E","C22775","5"
"R7,R18,R30,R35,R36,R37,R38,R39","4.7k","Resistor_SMD:R_0603_1608Metric","0603WAF4701T5E","C23162","8"
"R8,R10,R24,R28,R32","10","Resistor_SMD:R_0603_1608Metric","0603WAF100JT5E","C22859","5"
"R9","10k","Resistor_SMD:R_0603_1608Metric","0603WAF1002T5E","C25804","1"
"R11","2k","Resistor_SMD:R_0603_1608Metric","0603WAF2001T5E","C22975","1"
"R12,R13","1","Resistor_SMD:R_0603_1608Metric","0603WAF100KT5E","C22936","2"
"R14","20k","Resistor_SMD:R_0603_1608Metric","0603WAF2002T5E","C4184","1"
"R15","33k","Resistor_SMD:R_0603_1608Metric","0603WAF3302T5E","C4216","1"
"R16","82k","Resistor_SMD:R_0603_1608Metric","0603WAF8202T5E","C23254","1"
"R25,R27","10m","Resistor_SMD:R_1206_3216Metric","FMF06FTHR010-LH","C105362","2"
"R26","15k","Resistor_SMD:R_0603_1608Metric","0603WAF1502T5E","C22809","1"
"R29,R33","1M","Resistor_SMD:R_0603_1608Metric","0603WAF1004T5E","C22935","2"
"R34","24k","Resistor_SMD:R_0603_1608Metric","0603WAF2402T5E","C23352","1"
"R40","2.2k","Resistor_SMD:R_0603_1608Metric","0603WAF2201T5E","C4190","1"
"SW1","BOOT","Button_Switch_SMD:SW_SPST_PTS810","PTS810SJM250SMTRLFS","C116501","1"
"SW2","RESET","Button_Switch_SMD:SW_SPST_PTS810","PTS810SJM250SMTRLFS","C116501","1"
"SW3","EC11E15244G1","Rotary_Encoder:RotaryEncoder_Alps_EC11E-Switch_Vertical_H20mm","EC11E15244G1","C370970","1"
"U1","STUSB4500QTR","Package_DFN_QFN:QFN-24-1EP_4x4mm_P0.5mm_EP2.7x2.7mm","STUSB4500QTR","C2678061","1"
"U2","USBLC6-2SC6","Package_TO_SOT_SMD:SOT-23-6","USBLC6-2SC6","C7519","1"
"U3","AP63203WU-7","Package_TO_SOT_SMD:TSOT-23-6","AP63203WU-7","C780769","1"
"U4","ESP32-S3-WROOM-1-N8R8","RF_Module:ESP32-S3-WROOM-1","ESP32-S3-WROOM-1-N8R8","C2913201","1"
"U5","LM5176PWPR","Package_SO:HTSSOP-28-1EP_4.4x9.7mm_P0.65mm_EP3.4x9.5mm_ThermalVias","LM5176PWPR","C442493","1"
"U6","MCP4725A0T-E/CH","Package_TO_SOT_SMD:SOT-23-6","MCP4725A0T-E/CH","C144198","1"
"U7","INA228AIDGSR","Package_SO:TSSOP-10_3x3mm_P0.5mm","INA228AIDGSR","C2887910","1"
"U8","MT3608","Package_TO_SOT_SMD:SOT-23-6","MT3608","C84817","1"
