"Reference","Value","Footprint","MPN","LCSC","Qty","JLC Class"
"C1,C2,C4,C7","10uF","C0603","CL10A106KP8NNNC","C19702","4","Basic"
"C3","1uF","C0402","CL05A105KA5NQNC","C52923","1","Basic"
"C6,C8,C10,C11,C12","100nF","C0402","CL05B104KO5NNNC","C1525","5","Basic"
"C9,C13","4.7uF","C0402","CL05A475MP5NRNC","C23733","2","Basic"
"D2","B5819W SL","SOD-123_L2.7-W1.6-LS3.7-RD-1","B5819W SL","C8598","1","Basic"
"J1","AFC01-S10FCA-00","FPC-SMD_P0.5-10P_FGS-XJ-H2.0","AFC01-S10FCA-00","C262659","1","Extended"
"LED1","XL-1615RGBC-RF","LED-ARRAY-SMD_4P-L1.6-W1.5-BR_XL-1615RGBC-RF","XL-1615RGBC-RF","C965840","1","Extended"
"LED2,LED4","KT-0603R","LED-SMD_L1.6-W0.8-R-RD","KT-0603R","C2286","2","Basic"
"LED3","KT-0603W","LED0603-R-RD_WHITE","KT-0603W","C2290","1","Basic"
"MK1,MK2","MMICT390200012","MIC-SMD_5P-L3.5-W2.7-TL_MMICT390200012","MMICT390200012","C3171752","2","Extended"
"Q2","AO3400A","SOT-23-3_L2.9-W1.3-P1.90-LS2.4-BR","AO3400A","C20917","1","Basic"
"Q3","AO3401A","SOT-23_L2.9-W1.3-P1.90-LS2.4-BR","AO3401A","C15127","1","Basic"
"R1","3.3kΩ","R0402","0402WGF3301TCE","C25890","1","Basic"
"R4,R7,R8","1MΩ","R0402","0402WGF1004TCE","C26083","3","Basic"
"R12","470Ω","R0402","0402WGF4700TCE","C25117","1","Basic"
"R13,R14","100Ω","R0402","0402WGF1000TCE","C25076","2","Basic"
"R16,R25,R26","100kΩ","R0402","0402WGF1003TCE","C25741","3","Basic"
"R18,R19,R20,R21,R22","10kΩ","R0402","0402WGF1002TCE","C25744","5","Basic"
"R23,R24","1kΩ","R0402","0402WGF1001TCE","C11702","2","Basic"
"R27","4.7kΩ","R0402","0402WGF4701TCE","C25900","1","Basic"
"SW1","MSK12C02","SW-TH_MSK12C02","MSK12C02","C431540","1","Extended"
"SW2","SKRTLAE010","KEY-SMD_SKRTLAE010","SKRTLAE010","C110293","1","Extended"
"U1","E73-2G4M08S1C","WIRELM-SMD_E73-2G4M08S1C","E73-2G4M08S1C","C356849","1","Extended"
"U2","TP4056-42-ESOP8","ESOP-8_L4.9-W3.9-P1.27-LS6.0-BL-EP","TP4056-42-ESOP8","C16581","1","Extended"
"U3","ME6211C33M5G-N","SOT-23-5_L3.0-W1.7-P0.95-LS2.8-BL","ME6211C33M5G-N","C82942","1","Extended"
"U4","MKDV4GCL-ABF","LGA-8_L8.0-W6.0-P1.27-TL_MKDV4GCL-ABF","MKDV4GCL-ABF","C51966232","1","Extended"
