Designator,Mid X,Mid Y,Layer,Rotation
C1,7.0000,-7.9270,Top,180.0
C2,18.0000,-7.9270,Top,0.0
C3,-15.1890,-11.7760,Top,270.0
C4,-16.5390,-8.8570,Top,270.0
C6,-19.8510,-4.3510,Top,0.0
C7,-17.2410,-5.6740,Top,180.0
C8,-17.2410,-4.1400,Top,180.0
C9,-15.0000,-5.0000,Top,270.0
C10,-6.0000,7.0000,Bottom,270.0
C11,13.2500,7.0000,Bottom,270.0
C12,-2.7250,6.2170,Top,90.0
C13,-1.3770,6.2170,Top,90.0
D2,-4.2220,-10.7500,Top,180.0
J1,-0.0500,-7.2350,Bottom,0.0
LED1,22.6000,11.4000,Top,180.0
LED2,18.3000,11.4050,Top,90.0
LED3,16.6050,11.4550,Top,90.0
LED4,20.0000,11.4050,Top,90.0
MK1,-6.2870,10.0700,Bottom,0.0
MK2,11.7130,10.0700,Bottom,0.0
Q2,-8.7800,-10.7500,Top,180.0
Q3,-2.1490,10.2500,Top,0.0
R1,7.5000,-5.4270,Top,180.0
R4,-13.3440,-11.3760,Top,180.0
R7,-19.8510,-5.6490,Top,180.0
R8,-21.5950,-5.0000,Top,90.0
R12,16.0000,5.2500,Top,0.0
R13,16.0000,6.5480,Top,0.0
R14,16.0000,3.9520,Top,0.0
R16,-11.3080,-11.2670,Top,270.0
R18,-1.1590,1.8830,Top,270.0
R19,-9.3710,6.2870,Top,180.0
R20,-1.1590,4.0730,Top,270.0
R21,-7.1810,6.2870,Top,180.0
R22,-4.4690,6.2170,Top,180.0
R23,18.2500,9.0480,Top,180.0
R24,18.2500,7.7500,Top,180.0
R25,18.2500,6.4520,Top,180.0
R26,0.3790,10.2500,Top,270.0
R27,16.0000,9.0000,Top,180.0
SW1,22.6060,5.0000,Top,90.0
SW2,22.8000,-4.7000,Top,90.0
U1,-18.9530,3.5500,Top,0.0
U2,12.4820,-6.0620,Top,270.0
U3,-13.7770,-8.6160,Top,0.0
U4,-6.7410,1.2660,Top,0.0
